id,name,specialty,symptoms,clinic_id,phone,experience
101,Nguyễn Văn A,Đa Khoa,"đau họng,ho,sốt,đau đầu,ngạt mũi,chảy nước mũi,khó thở,mệt mỏi,biếng ăn,đau bụng,tiêu chảy,buồn nôn,ăn không tiêu,nôn mửa,sốt cao,tim đập nhanh",1,0901234567,15 năm
102,Trần Thị B,Cơ Xương Khớp,"đau lưng,đau vai,đau cổ,đau khớp,vai cứng,đau gối,đau cổ tay,chuột rút,tê bì",1,0901234568,12 năm
103,Lê Văn C,Mắt - Răng Hàm Mặt,"nhìn mờ,đau mắt,chảy nước mắt,mắt đỏ,đau răng,viêm lợi,chảy máu chân răng,đau hàm,sưng nướu,đau lan",1,0901234569,18 năm
104,Phạm Minh D,Đa Khoa,"đau họng,ho,sốt,đau đầu,ngạt mũi,chảy nước mũi,khó thở,mệt mỏi,biếng ăn,đau bụng,tiêu chảy,buồn nôn,ăn không tiêu,nôn mửa,sốt cao,tim đập nhanh",1,0901234570,10 năm
105,Đỗ Thị E,Cơ Xương Khớp,"đau lưng,đau vai,đau cổ,đau khớp,vai cứng,đau gối,đau cổ tay,chuột rút,tê bì",1,0901234571,20 năm
106,Ngô Trung F,Đa Khoa,"đau họng,ho,sốt,đau đầu,ngạt mũi,chảy nước mũi,khó thở,mệt mỏi,biếng ăn,đau bụng,tiêu chảy,buồn nôn,ăn không tiêu,nôn mửa,sốt cao,tim đập nhanh",2,0901234572,14 năm
107,Phạm Quang G,Cơ Xương Khớp,"đau lưng,đau vai,đau cổ,đau khớp,vai cứng,đau gối,đau cổ tay,chuột rút,tê bì",2,0901234573,25 năm
108,Nguyễn Thị H,Mắt - Răng Hàm Mặt,"nhìn mờ,đau mắt,chảy nước mắt,mắt đỏ,đau răng,viêm lợi,chảy máu chân răng,đau hàm,sưng nướu,đau lan",2,0901234574,8 năm
109,Trần Văn I,Đa Khoa,"đau họng,ho,sốt,đau đầu,ngạt mũi,chảy nước mũi,khó thở,mệt mỏi,biếng ăn,đau bụng,tiêu chảy,buồn nôn,ăn không tiêu,nôn mửa,sốt cao,tim đập nhanh",2,0901234575,16 năm
110,Lê Thị K,Mắt - Răng Hàm Mặt,"nhìn mờ,đau mắt,chảy nước mắt,mắt đỏ,đau răng,viêm lợi,chảy máu chân răng,đau hàm,sưng nướu,đau lan",2,0901234576,11 năm
111,Đinh Văn L,Đa Khoa,"đau họng,ho,sốt,đau đầu,ngạt mũi,chảy nước mũi,khó thở,mệt mỏi,biếng ăn,đau bụng,tiêu chảy,buồn nôn,ăn không tiêu,nôn mửa,sốt cao,tim đập nhanh",3,0901234577,13 năm
112,Ngô Thị M,Cơ Xương Khớp,"đau lưng,đau vai,đau cổ,đau khớp,vai cứng,đau gối,đau cổ tay,chuột rút,tê bì",3,0901234578,9 năm
113,Phạm Văn N,Mắt - Răng Hàm Mặt,"nhìn mờ,đau mắt,chảy nước mắt,mắt đỏ,đau răng,viêm lợi,chảy máu chân răng,đau hàm,sưng nướu,đau lan",3,0901234579,22 năm
114,Trần Thị O,Đa Khoa,"đau họng,ho,sốt,đau đầu,ngạt mũi,chảy nước mũi,khó thở,mệt mỏi,biếng ăn,đau bụng,tiêu chảy,buồn nôn,ăn không tiêu,nôn mửa,sốt cao,tim đập nhanh",3,0901234580,7 năm
115,Lê Văn P,Cơ Xương Khớp,"đau lưng,đau vai,đau cổ,đau khớp,vai cứng,đau gối,đau cổ tay,chuột rút,tê bì",3,0901234581,17 năm
116,Nguyễn Thị Q,Đa Khoa,"đau họng,ho,sốt,đau đầu,ngạt mũi,chảy nước mũi,khó thở,mệt mỏi,biếng ăn,đau bụng,tiêu chảy,buồn nôn,ăn không tiêu,nôn mửa,sốt cao,tim đập nhanh",4,0901234582,19 năm
117,Đỗ Văn R,Cơ Xương Khớp,"đau lưng,đau vai,đau cổ,đau khớp,vai cứng,đau gối,đau cổ tay,chuột rút,tê bì",4,0901234583,14 năm
118,Phạm Thị S,Mắt - Răng Hàm Mặt,"nhìn mờ,đau mắt,chảy nước mắt,mắt đỏ,đau răng,viêm lợi,chảy máu chân răng,đau hàm,sưng nướu,đau lan",4,0901234584,12 năm
119,Ngô Trung T,Đa Khoa,"đau họng,ho,sốt,đau đầu,ngạt mũi,chảy nước mũi,khó thở,mệt mỏi,biếng ăn,đau bụng,tiêu chảy,buồn nôn,ăn không tiêu,nôn mửa,sốt cao,tim đập nhanh",4,0901234585,21 năm
120,Nguyễn Văn U,Mắt - Răng Hàm Mặt,"nhìn mờ,đau mắt,chảy nước mắt,mắt đỏ,đau răng,viêm lợi,chảy máu chân răng,đau hàm,sưng nướu,đau lan",4,0901234586,16 năm
121,Hoàng Văn V,Đa Khoa,"đau họng,ho,sốt,đau đầu,ngạt mũi,chảy nước mũi,khó thở,mệt mỏi,biếng ăn,đau bụng,tiêu chảy,buồn nôn,ăn không tiêu,nôn mửa,sốt cao,tim đập nhanh",5,0901234587,11 năm
122,Vũ Thị X,Cơ Xương Khớp,"đau lưng,đau vai,đau cổ,đau khớp,vai cứng,đau gối,đau cổ tay,chuột rút,tê bì",5,0901234588,13 năm
123,Bùi Văn Y,Mắt - Răng Hàm Mặt,"nhìn mờ,đau mắt,chảy nước mắt,mắt đỏ,đau răng,viêm lợi,chảy máu chân răng,đau hàm,sưng nướu,đau lan",5,0901234589,6 năm
124,Phan Lạc Z,Đa Khoa,"đau họng,ho,sốt,đau đầu,ngạt mũi,chảy nước mũi,khó thở,mệt mỏi,biếng ăn,đau bụng,tiêu chảy,buồn nôn,ăn không tiêu,nôn mửa,sốt cao,tim đập nhanh",5,0901234590,14 năm
125,Tạ Thị A2,Cơ Xương Khớp,"đau lưng,đau vai,đau cổ,đau khớp,vai cứng,đau gối,đau cổ tay,chuột rút,tê bì",5,0901234591,9 năm
126,Trần Đức B2,Đa Khoa,"đau họng,ho,sốt,đau đầu,ngạt mũi,chảy nước mũi,khó thở,mệt mỏi,biếng ăn,đau bụng,tiêu chảy,buồn nôn,ăn không tiêu,nôn mửa,sốt cao,tim đập nhanh",6,0901234592,10 năm
127,Lê Thúy C2,Cơ Xương Khớp,"đau lưng,đau vai,đau cổ,đau khớp,vai cứng,đau gối,đau cổ tay,chuột rút,tê bì",6,0901234593,12 năm
128,Phạm Hồng D2,Mắt - Răng Hàm Mặt,"nhìn mờ,đau mắt,chảy nước mắt,mắt đỏ,đau răng,viêm lợi,chảy máu chân răng,đau hàm,sưng nướu,đau lan",6,0901234594,15 năm
129,Đỗ Minh E2,Đa Khoa,"đau họng,ho,sốt,đau đầu,ngạt mũi,chảy nước mũi,khó thở,mệt mỏi,biếng ăn,đau bụng,tiêu chảy,buồn nôn,ăn không tiêu,nôn mửa,sốt cao,tim đập nhanh",6,0901234595,7 năm
130,Nguyễn Hải F2,Mắt - Răng Hàm Mặt,"nhìn mờ,đau mắt,chảy nước mắt,mắt đỏ,đau răng,viêm lợi,chảy máu chân răng,đau hàm,sưng nướu,đau lan",6,0901234596,16 năm
131,Dương Quang G2,Đa Khoa,"đau họng,ho,sốt,đau đầu,ngạt mũi,chảy nước mũi,khó thở,mệt mỏi,biếng ăn,đau bụng,tiêu chảy,buồn nôn,ăn không tiêu,nôn mửa,sốt cao,tim đập nhanh",7,0901234597,18 năm
132,Trịnh Thu H2,Cơ Xương Khớp,"đau lưng,đau vai,đau cổ,đau khớp,vai cứng,đau gối,đau cổ tay,chuột rút,tê bì",7,0901234598,5 năm
133,Vương Văn I2,Mắt - Răng Hàm Mặt,"nhìn mờ,đau mắt,chảy nước mắt,mắt đỏ,đau răng,viêm lợi,chảy máu chân răng,đau hàm,sưng nướu,đau lan",7,0901234599,20 năm
134,Lý Thị K2,Đa Khoa,"đau họng,ho,sốt,đau đầu,ngạt mũi,chảy nước mũi,khó thở,mệt mỏi,biếng ăn,đau bụng,tiêu chảy,buồn nôn,ăn không tiêu,nôn mửa,sốt cao,tim đập nhanh",7,0901234600,11 năm
135,Đoàn Văn L2,Cơ Xương Khớp,"đau lưng,đau vai,đau cổ,đau khớp,vai cứng,đau gối,đau cổ tay,chuột rút,tê bì",7,0901234601,14 năm
136,Lâm Thị M2,Đa Khoa,"đau họng,ho,sốt,đau đầu,ngạt mũi,chảy nước mũi,khó thở,mệt mỏi,biếng ăn,đau bụng,tiêu chảy,buồn nôn,ăn không tiêu,nôn mửa,sốt cao,tim đập nhanh",8,0901234602,12 năm
137,Phùng Văn N2,Cơ Xương Khớp,"đau lưng,đau vai,đau cổ,đau khớp,vai cứng,đau gối,đau cổ tay,chuột rút,tê bì",8,0901234603,15 năm
138,Mai Thị O2,Mắt - Răng Hàm Mặt,"nhìn mờ,đau mắt,chảy nước mắt,mắt đỏ,đau răng,viêm lợi,chảy máu chân răng,đau hàm,sưng nướu,đau lan",8,0901234604,9 năm
139,Đào Văn P2,Đa Khoa,"đau họng,ho,sốt,đau đầu,ngạt mũi,chảy nước mũi,khó thở,mệt mỏi,biếng ăn,đau bụng,tiêu chảy,buồn nôn,ăn không tiêu,nôn mửa,sốt cao,tim đập nhanh",8,0901234605,17 năm
140,Hồ Thị Q2,Mắt - Răng Hàm Mặt,"nhìn mờ,đau mắt,chảy nước mắt,mắt đỏ,đau răng,viêm lợi,chảy máu chân răng,đau hàm,sưng nướu,đau lan",8,0901234606,10 năm
141,Đặng Văn R2,Đa Khoa,"đau họng,ho,sốt,đau đầu,ngạt mũi,chảy nước mũi,khó thở,mệt mỏi,biếng ăn,đau bụng,tiêu chảy,buồn nôn,ăn không tiêu,nôn mửa,sốt cao,tim đập nhanh",9,0901234607,13 năm
142,Nghiêm Thị S2,Cơ Xương Khớp,"đau lưng,đau vai,đau cổ,đau khớp,vai cứng,đau gối,đau cổ tay,chuột rút,tê bì",9,0901234608,12 năm
143,Triệu Trung T2,Mắt - Răng Hàm Mặt,"nhìn mờ,đau mắt,chảy nước mắt,mắt đỏ,đau răng,viêm lợi,chảy máu chân răng,đau hàm,sưng nướu,đau lan",9,0901234609,21 năm
144,Quách Văn U2,Đa Khoa,"đau họng,ho,sốt,đau đầu,ngạt mũi,chảy nước mũi,khó thở,mệt mỏi,biếng ăn,đau bụng,tiêu chảy,buồn nôn,ăn không tiêu,nôn mửa,sốt cao,tim đập nhanh",9,0901234610,8 năm
145,Lương Thị V2,Cơ Xương Khớp,"đau lưng,đau vai,đau cổ,đau khớp,vai cứng,đau gối,đau cổ tay,chuột rút,tê bì",9,0901234611,14 năm
146,Từ Đức X2,Đa Khoa,"đau họng,ho,sốt,đau đầu,ngạt mũi,chảy nước mũi,khó thở,mệt mỏi,biếng ăn,đau bụng,tiêu chảy,buồn nôn,ăn không tiêu,nôn mửa,sốt cao,tim đập nhanh",10,0901234612,11 năm
147,Vi Thị Y2,Cơ Xương Khớp,"đau lưng,đau vai,đau cổ,đau khớp,vai cứng,đau gối,đau cổ tay,chuột rút,tê bì",10,0901234613,16 năm
148,Mạc Văn Z2,Mắt - Răng Hàm Mặt,"nhìn mờ,đau mắt,chảy nước mắt,mắt đỏ,đau răng,viêm lợi,chảy máu chân răng,đau hàm,sưng nướu,đau lan",10,0901234614,19 năm
149,Lê Hồng A3,Đa Khoa,"đau họng,ho,sốt,đau đầu,ngạt mũi,chảy nước mũi,khó thở,mệt mỏi,biếng ăn,đau bụng,tiêu chảy,buồn nôn,ăn không tiêu,nôn mửa,sốt cao,tim đập nhanh",10,0901234615,15 năm
150,Nguyễn Anh B3,Mắt - Răng Hàm Mặt,"nhìn mờ,đau mắt,chảy nước mắt,mắt đỏ,đau răng,viêm lợi,chảy máu chân răng,đau hàm,sưng nướu,đau lan",10,0901234616,12 năm
151,Trần Hoàng C3,Đa Khoa,"đau họng,ho,sốt,đau đầu,ngạt mũi,chảy nước mũi,khó thở,mệt mỏi,biếng ăn,đau bụng,tiêu chảy,buồn nôn,ăn không tiêu,nôn mửa,sốt cao,tim đập nhanh",11,0901234617,14 năm
152,Phạm Kim D3,Cơ Xương Khớp,"đau lưng,đau vai,đau cổ,đau khớp,vai cứng,đau gối,đau cổ tay,chuột rút,tê bì",11,0901234618,17 năm
153,Đỗ Tuấn E3,Mắt - Răng Hàm Mặt,"nhìn mờ,đau mắt,chảy nước mắt,mắt đỏ,đau răng,viêm lợi,chảy máu chân răng,đau hàm,sưng nướu,đau lan",11,0901234619,10 năm
154,Ngô Minh F3,Đa Khoa,"đau họng,ho,sốt,đau đầu,ngạt mũi,chảy nước mũi,khó thở,mệt mỏi,biếng ăn,đau bụng,tiêu chảy,buồn nôn,ăn không tiêu,nôn mửa,sốt cao,tim đập nhanh",11,0901234620,13 năm
155,Dương Thùy G3,Cơ Xương Khớp,"đau lưng,đau vai,đau cổ,đau khớp,vai cứng,đau gối,đau cổ tay,chuột rút,tê bì",11,0901234621,9 năm
156,Trịnh Nhật H3,Đa Khoa,"đau họng,ho,sốt,đau đầu,ngạt mũi,chảy nước mũi,khó thở,mệt mỏi,biếng ăn,đau bụng,tiêu chảy,buồn nôn,ăn không tiêu,nôn mửa,sốt cao,tim đập nhanh",12,0901234622,16 năm
157,Vũ Bảo I3,Cơ Xương Khớp,"đau lưng,đau vai,đau cổ,đau khớp,vai cứng,đau gối,đau cổ tay,chuột rút,tê bì",12,0901234623,11 năm
158,Bùi Tuyết K3,Mắt - Răng Hàm Mặt,"nhìn mờ,đau mắt,chảy nước mắt,mắt đỏ,đau răng,viêm lợi,chảy máu chân răng,đau hàm,sưng nướu,đau lan",12,0901234624,14 năm
159,Hoàng Đình L3,Đa Khoa,"đau họng,ho,sốt,đau đầu,ngạt mũi,chảy nước mũi,khó thở,mệt mỏi,biếng ăn,đau bụng,tiêu chảy,buồn nôn,ăn không tiêu,nôn mửa,sốt cao,tim đập nhanh",12,0901234625,18 năm
160,Nguyễn Thanh M3,Mắt - Răng Hàm Mặt,"nhìn mờ,đau mắt,chảy nước mắt,mắt đỏ,đau răng,viêm lợi,chảy máu chân răng,đau hàm,sưng nướu,đau lan",12,0901234626,12 năm